"Matchup","T1.Score","T2.Score"
"LVR-CIN",13.7309141159058,16.1645050048828
"NWE-BUF",23.6408576965332,17.1718902587891
"PHI-TAM",19.5227928161621,19.4363822937012
"SFO-DAL",15.7351055145264,25.149471282959
"PIT-KAN",29.8723106384277,20.1654396057129
"ARI-LAR",23.3981857299805,20.2141532897949
