"Matchup","T1.Score","T2.Score"
"LVR-CIN",15.5347785949707,14.6307525634766
"NWE-BUF",25.8145751953125,18.7497138977051
"PHI-TAM",19.166618347168,15.4747295379639
"SFO-DAL",14.7582149505615,29.0314636230469
"PIT-KAN",26.5437774658203,20.5263519287109
"ARI-LAR",19.30198097229,20.3560371398926
