"Matchup","T1.Score","T2.Score"
"LVR-CIN",14.838342666626,17.6427726745605
"NWE-BUF",25.2067070007324,19.6729354858398
"PHI-TAM",21.1496982574463,20.2796897888184
"SFO-DAL",17.3804187774658,25.5882835388184
"PIT-KAN",29.0078544616699,19.469654083252
"ARI-LAR",23.8284301757812,19.8703689575195
